Step,Time [days],keff_1,CR_Pos
0,0,1.09270183844705,0
0.0480480480480481,0.336336336336336,1.09134078769427,0.038038038038038
0.0960960960960961,0.672672672672673,1.08997973694149,0.0760760760760761
0.144144144144144,1.00900900900901,1.08861868618871,0.114114114114114
0.192192192192192,1.34534534534535,1.08725763543593,0.152152152152152
0.24024024024024,1.68168168168168,1.08589658468315,0.19019019019019
0.288288288288288,2.01801801801802,1.08453553393037,0.228228228228228
0.336336336336336,2.35435435435435,1.08317448317758,0.